,Country,Vaccine_Manufacturer,Date,Total_Vaccinations,ancestral_alpha_severe,ancestral_alpha_infection,beta_gamma_delta_severe,beta_gamma_delta_infection,omicron_severe,omicron_infection,year,Vaccine_Wise_Max_Total_Vaccination,Total_Vaccination_Country_Wise,Percentage_of_Vaccine,Vaccine_Manufacturers_,efficacy_ancestral_alpha_severe_,efficacy_ancestral_alpha_infection_,efficacy_beta_gamma_delta_severe_,efficacy_beta_gamma_delta_infection_,efficacy_omicron_severe_,efficacy_omicron_infection_,breakThrough_ancestral_alpha_severe_,breakThrough_ancestral_alpha_infection_,breakThrough_beta_gamma_delta_severe_,breakThrough_beta_gamma_delta_infection_,breakThrough_omicron_severe_,breakThrough_omicron_infection_,pop_20,pop_21,pop_22
0,Argentina,CanSino,2021-02-05,2,1,1,1,1,0,0,2021,979735,109748183.0,0.008927118182904223,CanSino,0.59,0.55,0.57,0.54,0.43,0.29,99.41,99.45,99.43,99.46,99.57,99.71,45036032,45276780,45510318
1,Argentina,Moderna,2021-02-25,56,54,51,54,50,40,26,2021,13252207,109748183.0,0.12075103785545133,Moderna,11.71,11.11,11.71,10.99,8.81,5.8,88.29,88.89,88.29,89.01,91.19,94.2,45036032,45276780,45510318
2,Argentina,Oxford/AstraZeneca,2020-12-29,1,0,0,0,0,0,0,2020,26759220,109748183.0,0.2438238089098933,Oxford/AstraZeneca,22.92,15.36,22.92,16.82,17.31,8.78,77.08,84.64,77.08,83.18,82.69,91.22,45036032,45276780,45510318
3,Argentina,Pfizer/BioNTech,2021-01-02,1,0,0,0,0,0,0,2021,19136214,109748183.0,0.17436474551929484,Pfizer/BioNTech,16.56,15.0,16.56,14.65,12.55,7.67,83.44,85.0,83.44,85.35,87.45,92.33,45036032,45276780,45510318
4,Argentina,Sinopharm/Beijing,2020-12-29,1,0,0,0,0,0,0,2020,28878166,109748183.0,0.2631311536155455,Sinopharm/Beijing,19.21,17.89,18.68,17.63,13.95,9.21,80.79,82.11,81.32,82.37,86.05,90.79,45036032,45276780,45510318
5,Argentina,Sputnik V,2020-12-29,20488,18848,17619,18234,17414,11268,7375,2020,20742641,109748183.0,0.1890021359169108,Sputnik V,17.39,16.25,16.82,16.07,12.66,8.32,82.61,83.75,83.18,83.93,87.34,91.68,45036032,45276780,45510318
6,Austria,Johnson&Johnson,2021-01-08,0,0,0,0,0,0,0,2021,368082,19366552.0,0.01900606778119306,Johnson&Johnson,1.63,1.37,1.44,1.22,1.08,0.63,98.37,98.63,98.56,98.78,98.92,99.37,8907777,8922082,8939617
7,Austria,Moderna,2021-01-08,0,0,0,0,0,0,0,2021,1646408,19366552.0,0.08501296462065111,Moderna,8.25,7.82,8.25,7.74,6.21,4.08,91.75,92.18,91.75,92.26,93.79,95.92,8907777,8922082,8939617
8,Austria,Novavax,2021-01-08,0,0,0,0,0,0,0,2021,14312,19366552.0,0.000739006096697027,Novavax,0.07,0.06,0.06,0.06,0.05,0.03,99.93,99.94,99.94,99.94,99.95,99.97,8907777,8922082,8939617
9,Austria,Oxford/AstraZeneca,2021-01-08,0,0,0,0,0,0,0,2021,1592629,19366552.0,0.08223606349751882,Oxford/AstraZeneca,7.73,5.18,7.73,5.67,5.84,2.96,92.27,94.82,92.27,94.33,94.16,97.04,8907777,8922082,8939617
10,Austria,Pfizer/BioNTech,2021-01-08,31746,30158,27301,30158,26666,22857,13968,2021,15744530,19366552.0,0.8129753814721381,Pfizer/BioNTech,77.23,69.92,77.23,68.29,58.53,35.77,22.77,30.08,22.77,31.71,41.47,64.23,8907777,8922082,8939617
11,Austria,Valneva,2021-01-08,0,0,0,0,0,0,0,2021,591,19366552.0,3.0516531801840615e-05,Valneva,0.0,0.0,0.0,0.0,0.0,0.0,100.0,100.0,100.0,100.0,100.0,100.0,8907777,8922082,8939617
12,Belgium,Johnson&Johnson,2021-01-08,0,0,0,0,0,0,0,2021,427982,25878422.0,0.016538179955485694,Johnson&Johnson,1.42,1.19,1.26,1.06,0.94,0.55,98.58,98.81,98.74,98.94,99.06,99.45,11561717,11611419,11655930
13,Belgium,Moderna,2021-01-08,0,0,0,0,0,0,0,2021,4316874,25878422.0,0.1668136488384029,Moderna,16.18,15.35,16.18,15.18,12.18,8.01,83.82,84.65,83.82,84.82,87.82,91.99,11561717,11611419,11655930
14,Belgium,Novavax,2021-01-08,0,0,0,0,0,0,0,2021,358,25878422.0,1.3833919239743443e-05,Novavax,0.0,0.0,0.0,0.0,0.0,0.0,100.0,100.0,100.0,100.0,100.0,100.0,11561717,11611419,11655930
15,Belgium,Oxford/AstraZeneca,2021-01-08,0,0,0,0,0,0,0,2021,2848551,25878422.0,0.11007437006785036,Oxford/AstraZeneca,10.35,6.93,10.35,7.6,7.82,3.96,89.65,93.07,89.65,92.4,92.18,96.04,11561717,11611419,11655930
16,Belgium,Pfizer/BioNTech,2021-01-08,28360,26942,24389,26942,23822,20419,12478,2021,18284657,25878422.0,0.7065599672190214,Pfizer/BioNTech,67.12,60.76,67.12,59.35,50.87,31.09,32.88,39.24,32.88,40.65,49.13,68.91,11561717,11611419,11655930
17,Bulgaria,Johnson&Johnson,2021-04-16,0,0,0,0,0,0,0,2021,527896,4548945.0,0.1160480067356277,Johnson&Johnson,9.98,8.36,8.82,7.43,6.61,3.83,90.02,91.64,91.18,92.57,93.39,96.17,6979175,6885868,6781953
18,Bulgaria,Moderna,2021-01-08,0,0,0,0,0,0,0,2021,508459,4548945.0,0.11177514786395527,Moderna,10.84,10.28,10.84,10.17,8.16,5.37,89.16,89.72,89.16,89.83,91.84,94.63,6979175,6885868,6781953
19,Bulgaria,Oxford/AstraZeneca,2021-02-05,10,9,6,9,6,7,3,2021,478547,4548945.0,0.10519955725998006,Oxford/AstraZeneca,9.89,6.63,9.89,7.26,7.47,3.79,90.11,93.37,90.11,92.74,92.53,96.21,6979175,6885868,6781953
20,Bulgaria,Pfizer/BioNTech,2021-01-01,0,0,0,0,0,0,0,2021,3034043,4548945.0,0.666977288140437,Pfizer/BioNTech,63.36,57.36,63.36,56.03,48.02,29.35,36.64,42.64,36.64,43.97,51.98,70.65,6979175,6885868,6781953
21,Canada,Johnson&Johnson,2021-11-13,135,116,97,102,86,76,44,2021,23263,90191204.0,0.0002579298087649434,Johnson&Johnson,0.02,0.02,0.02,0.02,0.01,0.01,99.98,99.98,99.98,99.98,99.99,99.99,37888705,38155012,38454327
22,Canada,Medicago,2022-05-22,285,253,213,253,213,185,122,2022,863,90191204.0,9.56856058823652e-06,Medicago,0.0,0.0,0.0,0.0,0.0,0.0,100.0,100.0,100.0,100.0,100.0,100.0,37888705,38155012,38454327
23,Canada,Moderna,2021-01-02,1778,1724,1635,1724,1617,1297,853,2021,26844916,90191204.0,0.2976445020070915,Moderna,28.87,27.38,28.87,27.09,21.73,14.29,71.13,72.62,71.13,72.91,78.27,85.71,37888705,38155012,38454327
24,Canada,Novavax,2022-04-24,1085,965,900,933,889,705,466,2022,25478,90191204.0,0.00028248874468955976,Novavax,0.03,0.02,0.02,0.02,0.02,0.01,99.97,99.98,99.98,99.98,99.98,99.99,37888705,38155012,38454327
25,Canada,Oxford/AstraZeneca,2021-03-13,75900,71346,47817,71346,52370,53889,27324,2021,2814445,90191204.0,0.031205315764495173,Oxford/AstraZeneca,2.93,1.97,2.93,2.15,2.22,1.12,97.07,98.03,97.07,97.85,97.78,98.88,37888705,38155012,38454327
26,Canada,Pfizer/BioNTech,2020-12-19,12360,11742,10629,11742,10382,8899,5438,2020,60482239,90191204.0,0.6706001951143705,Pfizer/BioNTech,63.71,57.67,63.71,56.33,48.28,29.51,36.29,42.33,36.29,43.67,51.72,70.49,37888705,38155012,38454327
27,Chile,CanSino,2021-05-31,0,0,0,0,0,0,0,2021,0,34560792.0,0.0,CanSino,0.0,0.0,0.0,0.0,0.0,0.0,100.0,100.0,100.0,100.0,100.0,100.0,19300315,19493184,19603733
28,Chile,Moderna,2022-02-07,0,0,0,0,0,0,0,2022,0,34560792.0,0.0,Moderna,0.0,0.0,0.0,0.0,0.0,0.0,100.0,100.0,100.0,100.0,100.0,100.0,19300315,19493184,19603733
29,Chile,Oxford/AstraZeneca,2021-04-28,3606,3389,2271,3389,2488,2560,1298,2021,549673,34560792.0,0.015904525567585374,Oxford/AstraZeneca,1.5,1.0,1.5,1.1,1.13,0.57,98.5,99.0,98.5,98.9,98.87,99.43,19300315,19493184,19603733
30,Chile,Pfizer/BioNTech,2020-12-24,420,399,361,399,352,302,184,2020,8067724,34560792.0,0.2334357383939581,Pfizer/BioNTech,22.18,20.08,22.18,19.61,16.81,10.27,77.82,79.92,77.82,80.39,83.19,89.73,19300315,19493184,19603733
31,Chile,Sinovac,2021-02-02,13189,6594,6198,6462,6066,4879,3165,2021,25943395,34560792.0,0.7506597360384565,Sinovac,37.53,35.28,36.78,34.53,27.77,18.02,62.47,64.72,63.22,65.47,72.23,81.98,19300315,19493184,19603733
32,Croatia,Johnson&Johnson,2021-02-05,2,1,1,1,1,1,0,2021,204509,5283799.0,0.03870491667075148,Johnson&Johnson,3.33,2.79,2.94,2.48,2.21,1.28,96.67,97.21,97.06,97.52,97.79,98.72,4096869,4060135,4030358
33,Croatia,Moderna,2021-01-08,21,20,19,20,19,15,10,2021,515480,5283799.0,0.09755859373151779,Moderna,9.46,8.98,9.46,8.88,7.12,4.68,90.54,91.02,90.54,91.12,92.88,95.32,4096869,4060135,4030358
34,Croatia,Novavax,2022-03-04,1,0,0,0,0,0,0,2022,1381,5283799.0,0.00026136497622260047,Novavax,0.02,0.02,0.02,0.02,0.02,0.01,99.98,99.98,99.98,99.98,99.98,99.99,4096869,4060135,4030358
35,Croatia,Oxford/AstraZeneca,2021-01-15,4,3,2,3,2,2,1,2021,568508,5283799.0,0.10759455459982487,Oxford/AstraZeneca,10.11,6.78,10.11,7.42,7.64,3.87,89.89,93.22,89.89,92.58,92.36,96.13,4096869,4060135,4030358
36,Croatia,Pfizer/BioNTech,2021-01-01,2087,1982,1794,1982,1753,1502,918,2021,3993921,5283799.0,0.7558805700216833,Pfizer/BioNTech,71.81,65.01,71.81,63.49,54.42,33.26,28.19,34.99,28.19,36.51,45.58,66.74,4096869,4060135,4030358
37,Cyprus,Johnson&Johnson,2021-04-16,0,0,0,0,0,0,0,2021,30965,1744448.0,0.017750600763106725,Johnson&Johnson,1.53,1.28,1.35,1.14,1.01,0.59,98.47,98.72,98.65,98.86,98.99,99.41,1237537,1244188,4030358
38,Cyprus,Moderna,2021-01-15,0,0,0,0,0,0,0,2021,197589,1744448.0,0.1132673487544484,Moderna,10.99,10.42,10.99,10.31,8.27,5.44,89.01,89.58,89.01,89.69,91.73,94.56,1237537,1244188,4030358
39,Cyprus,Novavax,2022-03-11,14,12,11,12,11,9,6,2022,895,1744448.0,0.0005130562791209598,Novavax,0.05,0.04,0.04,0.04,0.03,0.02,99.95,99.96,99.96,99.96,99.97,99.98,1237537,1244188,4030358
40,Cyprus,Oxford/AstraZeneca,2021-02-12,584,548,367,548,402,414,210,2021,254531,1744448.0,0.14590919305132627,Oxford/AstraZeneca,13.72,9.19,13.72,10.07,10.36,5.25,86.28,90.81,86.28,89.93,89.64,94.75,1237537,1244188,4030358
41,Cyprus,Pfizer/BioNTech,2021-01-01,369,350,317,350,309,265,162,2021,1260468,1744448.0,0.7225598011519977,Pfizer/BioNTech,68.64,62.14,68.64,60.7,52.02,31.79,31.36,37.86,31.36,39.3,47.98,68.21,1237537,1244188,4030358
42,Czechia,Covaxin,2021-01-13,1,0,0,0,0,0,0,2021,5,18239132.0,2.7413585251754304e-07,Covaxin,0.0,0.0,0.0,0.0,0.0,0.0,100.0,100.0,100.0,100.0,100.0,100.0,10530953,10510751,10493986
43,Czechia,Johnson&Johnson,2021-03-05,2,1,1,1,1,1,0,2021,413842,18239132.0,0.02268978589551301,Johnson&Johnson,1.95,1.63,1.72,1.45,1.29,0.75,98.05,98.37,98.28,98.55,98.71,99.25,10530953,10510751,10493986
44,Czechia,Moderna,2021-01-01,1,0,0,0,0,0,0,2021,1634751,18239132.0,0.0896287718077812,Moderna,8.69,8.25,8.69,8.16,6.54,4.3,91.31,91.75,91.31,91.84,93.46,95.7,10530953,10510751,10493986
45,Czechia,Novavax,2022-03-02,6,5,4,5,4,3,2,2022,10468,18239132.0,0.0005739308208307281,Novavax,0.05,0.05,0.05,0.05,0.04,0.02,99.95,99.95,99.95,99.95,99.96,99.98,10530953,10510751,10493986
46,Czechia,Oxford/AstraZeneca,2021-01-10,2,1,1,1,1,1,0,2021,887557,18239132.0,0.04866223897058259,Oxford/AstraZeneca,4.57,3.07,4.57,3.36,3.46,1.75,95.43,96.93,95.43,96.64,96.54,98.25,10530953,10510751,10493986
47,Czechia,Pfizer/BioNTech,2020-12-27,1287,1222,1106,1222,1081,926,566,2020,15292219,18239132.0,0.8384290984899939,Pfizer/BioNTech,79.65,72.1,79.65,70.43,60.37,36.89,20.35,27.9,20.35,29.57,39.63,63.11,10530953,10510751,10493986
48,Czechia,Sinopharm/Beijing,2021-03-07,1,0,0,0,0,0,0,2021,38,18239132.0,2.0834324791333272e-06,Sinopharm/Beijing,0.0,0.0,0.0,0.0,0.0,0.0,100.0,100.0,100.0,100.0,100.0,100.0,10530953,10510751,10493986
49,Czechia,Sinovac,2021-01-13,1,0,0,0,0,0,0,2021,252,18239132.0,1.381644696688417e-05,Sinovac,0.0,0.0,0.0,0.0,0.0,0.0,100.0,100.0,100.0,100.0,100.0,100.0,10530953,10510751,10493986
50,Denmark,Johnson&Johnson,2021-01-08,3,2,2,2,1,1,0,2021,46411,12218188.0,0.003798517423369161,Johnson&Johnson,0.33,0.27,0.29,0.24,0.22,0.13,99.67,99.73,99.71,99.76,99.78,99.87,5825641,5854240,5882261
51,Denmark,Moderna,2021-01-01,1,0,0,0,0,0,0,2021,1720577,12218188.0,0.14082096297748897,Moderna,13.66,12.96,13.66,12.81,10.28,6.76,86.34,87.04,86.34,87.19,89.72,93.24,5825641,5854240,5882261
52,Denmark,Oxford/AstraZeneca,2021-01-08,1,0,0,0,0,0,0,2021,155927,12218188.0,0.012761875983574651,Oxford/AstraZeneca,1.2,0.8,1.2,0.88,0.91,0.46,98.8,99.2,98.8,99.12,99.09,99.54,5825641,5854240,5882261
53,Denmark,Pfizer/BioNTech,2020-12-18,2,1,1,1,1,1,0,2020,10295273,12218188.0,0.8426186436155673,Pfizer/BioNTech,80.05,72.47,80.05,70.78,60.67,37.08,19.95,27.53,19.95,29.22,39.33,62.92,5825641,5854240,5882261
54,Ecuador,CanSino,2021-08-02,39,25,24,24,23,18,12,2021,536882,29911659.0,0.017948920853905162,CanSino,1.18,1.11,1.15,1.09,0.86,0.57,98.82,98.89,98.85,98.91,99.14,99.43,17588595,17797737,18001000
55,Ecuador,Oxford/AstraZeneca,2021-02-04,1,0,0,0,0,0,0,2021,5009163,29911659.0,0.1674652348771427,Oxford/AstraZeneca,15.74,10.55,15.74,11.56,11.89,6.03,84.26,89.45,84.26,88.44,88.11,93.97,17588595,17797737,18001000
56,Ecuador,Pfizer/BioNTech,2021-01-20,17,16,14,16,14,12,7,2021,8552679,29911659.0,0.28593128184565086,Pfizer/BioNTech,27.16,24.59,27.16,24.02,20.59,12.58,72.84,75.41,72.84,75.98,79.41,87.42,17588595,17797737,18001000
57,Ecuador,Sinovac,2021-01-29,1,0,0,0,0,0,0,2021,15812935,29911659.0,0.5286545624233012,Sinovac,26.43,24.85,25.9,24.32,19.56,12.69,73.57,75.15,74.1,75.68,80.44,87.31,17588595,17797737,18001000
58,Estonia,Johnson&Johnson,2021-04-16,0,0,0,0,0,0,0,2021,78953,2129188.0,0.03708127229723256,Johnson&Johnson,3.19,2.67,2.82,2.37,2.11,1.22,96.81,97.33,97.18,97.63,97.89,98.78,1329444,1328701,1326062
59,Estonia,Moderna,2021-01-15,0,0,0,0,0,0,0,2021,238969,2129188.0,0.11223480500547627,Moderna,10.89,10.33,10.89,10.21,8.19,5.39,89.11,89.67,89.11,89.79,91.81,94.61,1329444,1328701,1326062
60,Estonia,Novavax,2022-02-25,0,0,0,0,0,0,0,2022,2096,2129188.0,0.0009844128371942732,Novavax,0.09,0.08,0.08,0.08,0.06,0.04,99.91,99.92,99.92,99.92,99.94,99.96,1329444,1328701,1326062
61,Estonia,Oxford/AstraZeneca,2021-02-12,0,0,0,0,0,0,0,2021,238907,2129188.0,0.11220568592346003,Oxford/AstraZeneca,10.55,7.07,10.55,7.74,7.97,4.04,89.45,92.93,89.45,92.26,92.03,95.96,1329444,1328701,1326062
62,Estonia,Pfizer/BioNTech,2021-01-01,196,186,168,186,164,141,86,2021,1570263,2129188.0,0.7374938239366369,Pfizer/BioNTech,70.06,63.42,70.06,61.95,53.1,32.45,29.94,36.58,29.94,38.05,46.9,67.55,1329444,1328701,1326062
63,Finland,Johnson&Johnson,2021-01-01,0,0,0,0,0,0,0,2021,0,12880233.0,0.0,Johnson&Johnson,0.0,0.0,0.0,0.0,0.0,0.0,100.0,100.0,100.0,100.0,100.0,100.0,5529468,5535992,5540745
64,Finland,Moderna,2021-01-01,2,1,1,1,1,1,0,2021,2064650,12880233.0,0.16029601327864176,Moderna,15.55,14.75,15.55,14.59,11.7,7.69,84.45,85.25,84.45,85.41,88.3,92.31,5529468,5535992,5540745
65,Finland,Novavax,2021-01-01,0,0,0,0,0,0,0,2021,0,12880233.0,0.0,Novavax,0.0,0.0,0.0,0.0,0.0,0.0,100.0,100.0,100.0,100.0,100.0,100.0,5529468,5535992,5540745
66,Finland,Oxford/AstraZeneca,2021-01-01,0,0,0,0,0,0,0,2021,553783,12880233.0,0.042994796755617695,Oxford/AstraZeneca,4.04,2.71,4.04,2.97,3.05,1.55,95.96,97.29,95.96,97.03,96.95,98.45,5529468,5535992,5540745
67,Finland,Pfizer/BioNTech,2021-01-01,27,25,23,25,22,19,11,2021,10261800,12880233.0,0.7967091899657405,Pfizer/BioNTech,75.69,68.52,75.69,66.92,57.36,35.06,24.31,31.48,24.31,33.08,42.64,64.94,5529468,5535992,5540745
68,France,Johnson&Johnson,2021-04-23,3822,3286,2751,2904,2446,2178,1261,2021,1089709,150199793.0,0.00725506326097267,Johnson&Johnson,0.62,0.52,0.55,0.46,0.41,0.24,99.38,99.48,99.45,99.54,99.59,99.76,64480053,64531444,64626628
69,France,Moderna,2021-01-14,1662,1612,1529,1612,1512,1213,797,2021,23938199,150199793.0,0.1593757123220536,Moderna,15.46,14.66,15.46,14.5,11.63,7.65,84.54,85.34,84.54,85.5,88.37,92.35,64480053,64531444,64626628
70,France,Novavax,2022-02-26,1,0,0,0,0,0,0,2022,33265,150199793.0,0.00022147167672860907,Novavax,0.02,0.02,0.02,0.02,0.01,0.01,99.98,99.98,99.98,99.98,99.99,99.99,64480053,64531444,64626628
71,France,Oxford/AstraZeneca,2021-02-06,1554,1460,979,1460,1072,1103,559,2021,7861940,150199793.0,0.05234321461415063,Oxford/AstraZeneca,4.92,3.3,4.92,3.61,3.72,1.88,95.08,96.7,95.08,96.39,96.28,98.12,64480053,64531444,64626628
72,France,Pfizer/BioNTech,2020-12-27,610,579,524,579,512,439,268,2020,117276680,150199793.0,0.7808045381260945,Pfizer/BioNTech,74.18,67.15,74.18,65.59,56.22,34.36,25.82,32.85,25.82,34.41,43.78,65.64,64480053,64531444,64626628
73,Germany,Johnson&Johnson,2020-12-27,0,0,0,0,0,0,0,2020,3752229,185882381.0,0.020186039041537776,Johnson&Johnson,1.74,1.45,1.53,1.29,1.15,0.67,98.26,98.55,98.47,98.71,98.85,99.33,83328988,83408554,83369843
74,Germany,Moderna,2020-12-27,8,7,7,7,7,5,3,2020,31547790,185882381.0,0.16971909779873112,Moderna,16.46,15.61,16.46,15.44,12.39,8.15,83.54,84.39,83.54,84.56,87.61,91.85,83328988,83408554,83369843
75,Germany,Novavax,2020-12-27,0,0,0,0,0,0,0,2020,149641,185882381.0,0.000805030574683676,Novavax,0.07,0.07,0.07,0.07,0.05,0.03,99.93,99.93,99.93,99.93,99.95,99.97,83328988,83408554,83369843
76,Germany,Oxford/AstraZeneca,2020-12-27,1,0,0,0,0,0,0,2020,12797173,185882381.0,0.06884554055717632,Oxford/AstraZeneca,6.47,4.34,6.47,4.75,4.89,2.48,93.53,95.66,93.53,95.25,95.11,97.52,83328988,83408554,83369843
77,Germany,Pfizer/BioNTech,2020-12-27,24420,23199,21001,23199,20512,17582,10744,2020,137634027,185882381.0,0.7404361094341696,Pfizer/BioNTech,70.34,63.68,70.34,62.2,53.31,32.58,29.66,36.32,29.66,37.8,46.69,67.42,83328988,83408554,83369843
78,Germany,Valneva,2020-12-27,0,0,0,0,0,0,0,2020,1521,185882381.0,8.182593701551521e-06,Valneva,0.0,0.0,0.0,0.0,0.0,0.0,100.0,100.0,100.0,100.0,100.0,100.0,83328988,83408554,83369843
79,Hong Kong,Pfizer/BioNTech,2021-03-06,336,319,288,319,282,241,147,2021,11206025,19694058.0,0.5690053822325495,Pfizer/BioNTech,54.06,48.93,54.06,47.8,40.97,25.04,45.94,51.07,45.94,52.2,59.03,74.96,7500958,7494578,7488865
80,Hong Kong,Sinovac,2021-02-22,47,23,22,23,21,17,11,2021,8488033,19694058.0,0.43099461776745046,Sinovac,21.55,20.26,21.12,19.83,15.95,10.34,78.45,79.74,78.88,80.17,84.05,89.66,7500958,7494578,7488865
81,Hungary,Johnson&Johnson,2021-04-16,0,0,0,0,0,0,0,2021,342568,16479930.0,0.020786981498101025,Johnson&Johnson,1.79,1.5,1.58,1.33,1.18,0.69,98.21,98.5,98.42,98.67,98.82,99.31,9750573,9709786,9967308
82,Hungary,Moderna,2021-01-15,3045,2953,2801,2953,2770,2222,1461,2021,1079027,16479930.0,0.065475217431142,Moderna,6.35,6.02,6.35,5.96,4.78,3.14,93.65,93.98,93.65,94.04,95.22,96.86,9750573,9709786,9967308
83,Hungary,Oxford/AstraZeneca,2021-02-05,0,0,0,0,0,0,0,2021,1252501,16479930.0,0.07600159709416242,Oxford/AstraZeneca,7.14,4.79,7.14,5.24,5.4,2.74,92.86,95.21,92.86,94.76,94.6,97.26,9750573,9709786,9967308
84,Hungary,Pfizer/BioNTech,2021-01-01,1095,1040,941,1040,919,788,481,2021,9684650,16479930.0,0.5876632971135193,Pfizer/BioNTech,55.83,50.54,55.83,49.36,42.31,25.86,44.17,49.46,44.17,50.64,57.69,74.14,9750573,9709786,9967308
85,Hungary,Sinopharm/Beijing,2021-02-19,0,0,0,0,0,0,0,2021,2313792,16479930.0,0.1404005963617564,Sinopharm/Beijing,10.25,9.55,9.97,9.41,7.44,4.91,89.75,90.45,90.03,90.59,92.56,95.09,9750573,9709786,9967308
86,Hungary,Sputnik V,2021-02-05,0,0,0,0,0,0,0,2021,1807392,16479930.0,0.10967231050131887,Sputnik V,10.09,9.43,9.76,9.32,7.35,4.83,89.91,90.57,90.24,90.68,92.65,95.17,9750573,9709786,9967308
87,Iceland,Johnson&Johnson,2022-01-01,0,0,0,0,0,0,0,2022,85,83137.0,0.0010224087951213059,Johnson&Johnson,0.09,0.07,0.08,0.07,0.06,0.03,99.91,99.93,99.92,99.93,99.94,99.97,366669,370335,372899
88,Iceland,Moderna,2022-01-01,1,0,0,0,0,0,0,2022,6493,83137.0,0.07810000360850163,Moderna,7.58,7.19,7.58,7.11,5.7,3.75,92.42,92.81,92.42,92.89,94.3,96.25,366669,370335,372899
89,Iceland,Oxford/AstraZeneca,2022-01-01,0,0,0,0,0,0,0,2022,1,83137.0,1.2028338766133009e-05,Oxford/AstraZeneca,0.0,0.0,0.0,0.0,0.0,0.0,100.0,100.0,100.0,100.0,100.0,100.0,366669,370335,372899
90,Iceland,Pfizer/BioNTech,2022-01-01,0,0,0,0,0,0,0,2022,76558,83137.0,0.9208655592576109,Pfizer/BioNTech,87.48,79.19,87.48,77.35,66.3,40.52,12.52,20.81,12.52,22.65,33.7,59.48,366669,370335,372899
91,Ireland,Johnson&Johnson,2021-01-08,1,0,0,0,0,0,0,2021,236738,11666898.0,0.02029142622143435,Johnson&Johnson,1.75,1.46,1.54,1.3,1.16,0.67,98.25,98.54,98.46,98.7,98.84,99.33,4946119,4986526,5023109
92,Ireland,Moderna,2021-01-08,9,8,8,8,8,6,4,2021,1569053,11666898.0,0.13448759044606373,Moderna,13.05,12.37,13.05,12.24,9.82,6.46,86.95,87.63,86.95,87.76,90.18,93.54,4946119,4986526,5023109
93,Ireland,Novavax,2022-03-11,0,0,0,0,0,0,0,2022,521,11666898.0,4.465625738735352e-05,Novavax,0.0,0.0,0.0,0.0,0.0,0.0,100.0,100.0,100.0,100.0,100.0,100.0,4946119,4986526,5023109
94,Ireland,Oxford/AstraZeneca,2021-01-15,3,2,1,2,2,2,1,2021,1190578,11666898.0,0.10204751940061531,Oxford/AstraZeneca,9.59,6.43,9.59,7.04,7.25,3.67,90.41,93.57,90.41,92.96,92.75,96.33,4946119,4986526,5023109
95,Ireland,Pfizer/BioNTech,2021-01-01,0,0,0,0,0,0,0,2021,8670008,11666898.0,0.7431288076744993,Pfizer/BioNTech,70.6,63.91,70.6,62.42,53.51,32.7,29.4,36.09,29.4,37.58,46.49,67.3,4946119,4986526,5023109
96,Italy,Johnson&Johnson,2021-01-04,9,7,6,6,5,5,2,2021,1508187,141300425.0,0.01067361970071923,Johnson&Johnson,0.92,0.77,0.81,0.68,0.61,0.35,99.08,99.23,99.19,99.32,99.39,99.65,59500579,59240329,59037474
97,Italy,Moderna,2020-12-27,2,1,1,1,1,1,0,2020,34243286,141300425.0,0.24234382876059998,Moderna,23.51,22.3,23.51,22.05,17.69,11.63,76.49,77.7,76.49,77.95,82.31,88.37,59500579,59240329,59037474
98,Italy,Novavax,2022-01-31,1,0,0,0,0,0,0,2022,42934,141300425.0,0.00030384905070172296,Novavax,0.03,0.03,0.03,0.02,0.02,0.01,99.97,99.97,99.97,99.98,99.98,99.99,59500579,59240329,59037474
99,Italy,Oxford/AstraZeneca,2021-01-14,2,1,1,1,1,1,0,2021,12167276,141300425.0,0.0861092668334154,Oxford/AstraZeneca,8.09,5.42,8.09,5.94,6.11,3.1,91.91,94.58,91.91,94.06,93.89,96.9,59500579,59240329,59037474
100,Italy,Pfizer/BioNTech,2020-12-27,7350,6982,6321,6982,6174,5292,3234,2020,93338742,141300425.0,0.6605694356545637,Pfizer/BioNTech,62.75,56.81,62.75,55.49,47.56,29.07,37.25,43.19,37.25,44.51,52.44,70.93,59500579,59240329,59037474
101,Japan,Moderna,2021-05-24,10361,10050,9532,10050,9428,7563,4973,2021,79174092,327458512.0,0.24178358203740938,Moderna,23.45,22.24,23.45,22.0,17.65,11.61,76.55,77.76,76.55,78.0,82.35,88.39,125244761,124612530,123951692
102,Japan,Novavax,2022-05-26,9,8,7,7,7,5,3,2022,225129,327458512.0,0.0006875038875153748,Novavax,0.06,0.06,0.06,0.06,0.04,0.03,99.94,99.94,99.94,99.94,99.96,99.97,125244761,124612530,123951692
103,Japan,Oxford/AstraZeneca,2021-08-20,3,2,1,2,2,2,1,2021,117834,327458512.0,0.0003598440586574216,Oxford/AstraZeneca,0.03,0.02,0.03,0.02,0.03,0.01,99.97,99.98,99.97,99.98,99.97,99.99,125244761,124612530,123951692
104,Japan,Pfizer/BioNTech,2021-02-17,125,118,107,118,105,90,55,2021,247941457,327458512.0,0.7571690700164179,Pfizer/BioNTech,71.93,65.12,71.93,63.6,54.52,33.32,28.07,34.88,28.07,36.4,45.48,66.68,125244761,124612530,123951692
105,Latvia,Johnson&Johnson,2021-01-04,1,0,0,0,0,0,0,2021,293843,2896153.0,0.10145976403870928,Johnson&Johnson,8.73,7.31,7.71,6.49,5.78,3.35,91.27,92.69,92.29,93.51,94.22,96.65,1897052,1873919,1850651
106,Latvia,Moderna,2020-12-04,1,0,0,0,0,0,0,2020,715409,2896153.0,0.2470204440165972,Moderna,23.96,22.73,23.96,22.48,18.03,11.86,76.04,77.27,76.04,77.52,81.97,88.14,1897052,1873919,1850651
107,Latvia,Novavax,2022-02-28,4,3,3,3,3,2,1,2022,438,2896153.0,0.00015123510394651112,Novavax,0.01,0.01,0.01,0.01,0.01,0.01,99.99,99.99,99.99,99.99,99.99,99.99,1897052,1873919,1850651
108,Latvia,Oxford/AstraZeneca,2020-12-28,1,0,0,0,0,0,0,2020,262043,2896153.0,0.09047968114944203,Oxford/AstraZeneca,8.51,5.7,8.51,6.24,6.42,3.26,91.49,94.3,91.49,93.76,93.58,96.74,1897052,1873919,1850651
109,Latvia,Pfizer/BioNTech,2020-12-07,2,1,1,1,1,1,0,2020,1624384,2896153.0,0.5608764454087888,Pfizer/BioNTech,53.28,48.24,53.28,47.11,40.38,24.68,46.72,51.76,46.72,52.89,59.62,75.32,1897052,1873919,1850651
110,Latvia,Sinopharm/Beijing,2021-01-15,1,0,0,0,0,0,0,2021,27,2896153.0,9.322711887113699e-06,Sinopharm/Beijing,0.0,0.0,0.0,0.0,0.0,0.0,100.0,100.0,100.0,100.0,100.0,100.0,1897052,1873919,1850651
111,Latvia,Sinovac,2021-02-21,1,0,0,0,0,0,0,2021,9,2896153.0,3.1075706290378994e-06,Sinovac,0.0,0.0,0.0,0.0,0.0,0.0,100.0,100.0,100.0,100.0,100.0,100.0,1897052,1873919,1850651
112,Liechtenstein,Johnson&Johnson,2021-01-08,0,0,0,0,0,0,0,2021,264,68535.0,0.003852046399649814,Johnson&Johnson,0.33,0.28,0.29,0.25,0.22,0.13,99.67,99.72,99.71,99.75,99.78,99.87,38756,39039,39327
113,Liechtenstein,Moderna,2021-01-08,0,0,0,0,0,0,0,2021,46587,68535.0,0.6797548697745678,Moderna,65.94,62.54,65.94,61.86,49.62,32.63,34.06,37.46,34.06,38.14,50.38,67.37,38756,39039,39327
114,Liechtenstein,Novavax,2022-09-16,1,0,0,0,0,0,0,2022,1,68535.0,1.4591084847158386e-05,Novavax,0.0,0.0,0.0,0.0,0.0,0.0,100.0,100.0,100.0,100.0,100.0,100.0,38756,39039,39327
115,Liechtenstein,Pfizer/BioNTech,2021-01-08,4,3,3,3,3,2,1,2021,21683,68535.0,0.31637849274093527,Pfizer/BioNTech,30.06,27.21,30.06,26.58,22.78,13.92,69.94,72.79,69.94,73.42,77.22,86.08,38756,39039,39327
116,Lithuania,Johnson&Johnson,2021-04-23,3,2,2,2,1,1,0,2021,295798,4488690.0,0.06589851382029055,Johnson&Johnson,5.67,4.74,5.01,4.22,3.76,2.17,94.33,95.26,94.99,95.78,96.24,97.83,2820267,2786651,2750055
117,Lithuania,Moderna,2021-01-15,1044,1012,960,1012,950,762,501,2021,329370,4488690.0,0.0733777560936487,Moderna,7.12,6.75,7.12,6.68,5.36,3.52,92.88,93.25,92.88,93.32,94.64,96.48,2820267,2786651,2750055
118,Lithuania,Oxford/AstraZeneca,2021-02-12,7805,7336,4917,7336,5385,5541,2809,2021,536495,4488690.0,0.11952150850248068,Oxford/AstraZeneca,11.24,7.53,11.24,8.25,8.49,4.3,88.76,92.47,88.76,91.75,91.51,95.7,2820267,2786651,2750055
119,Lithuania,Pfizer/BioNTech,2021-01-01,2422,2300,2082,2300,2034,1743,1065,2021,3327027,4488690.0,0.7412022215835801,Pfizer/BioNTech,70.41,63.74,70.41,62.26,53.37,32.61,29.59,36.26,29.59,37.74,46.63,67.39,2820267,2786651,2750055
120,Luxembourg,Johnson&Johnson,2021-04-16,2158,1855,1553,1640,1381,1230,712,2021,41517,1207650.0,0.034378338094646625,Johnson&Johnson,2.96,2.48,2.61,2.2,1.96,1.13,97.04,97.52,97.39,97.8,98.04,98.87,630399,639321,647599
121,Luxembourg,Moderna,2021-01-15,0,0,0,0,0,0,0,2021,339447,1207650.0,0.2810806111042107,Moderna,27.26,25.86,27.26,25.58,20.52,13.49,72.74,74.14,72.74,74.42,79.48,86.51,630399,639321,647599
122,Luxembourg,Novavax,2022-02-25,0,0,0,0,0,0,0,2022,483,1207650.0,0.00039995031673084087,Novavax,0.04,0.03,0.03,0.03,0.03,0.02,99.96,99.97,99.97,99.97,99.97,99.98,630399,639321,647599
123,Luxembourg,Oxford/AstraZeneca,2021-02-05,0,0,0,0,0,0,0,2021,105101,1207650.0,0.08702935453152817,Oxford/AstraZeneca,8.18,5.48,8.18,6.01,6.18,3.13,91.82,94.52,91.82,93.99,93.82,96.87,630399,639321,647599
124,Luxembourg,Pfizer/BioNTech,2021-01-01,1,0,0,0,0,0,0,2021,721102,1207650.0,0.5971117459528837,Pfizer/BioNTech,56.73,51.35,56.73,50.16,42.99,26.27,43.27,48.65,43.27,49.84,57.01,73.73,630399,639321,647599
125,Malta,Johnson&Johnson,2021-02-26,5,4,3,3,3,2,1,2021,32404,1272782.0,0.025459190969074043,Johnson&Johnson,2.19,1.83,1.93,1.63,1.45,0.84,97.81,98.17,98.07,98.37,98.55,99.16,515358,526748,533286
126,Malta,Moderna,2021-01-15,2,1,1,1,1,1,0,2021,278693,1272782.0,0.2189636559913638,Moderna,21.24,20.14,21.24,19.93,15.98,10.51,78.76,79.86,78.76,80.07,84.02,89.49,515358,526748,533286
127,Malta,Oxford/AstraZeneca,2021-01-08,3,2,1,2,2,2,1,2021,227860,1272782.0,0.1790251590610175,Oxford/AstraZeneca,16.83,11.28,16.83,12.35,12.71,6.44,83.17,88.72,83.17,87.65,87.29,93.56,515358,526748,533286
128,Malta,Pfizer/BioNTech,2021-01-01,57,54,49,54,47,41,25,2021,733825,1272782.0,0.5765519939785446,Pfizer/BioNTech,54.77,49.58,54.77,48.43,41.51,25.37,45.23,50.42,45.23,51.57,58.49,74.63,515358,526748,533286
129,Nepal,Johnson&Johnson,2022-02-19,3005246,2584511,2163777,2283986,1923357,1712990,991731,2022,3693423,46888075.0,0.0787710521278598,Johnson&Johnson,6.77,5.67,5.99,5.04,4.49,2.6,93.23,94.33,94.01,94.96,95.51,97.4,29348627,30034989,30547580
130,Nepal,Moderna,2022-02-19,5150063,4995561,4738057,4995561,4686557,3759545,2472030,2022,7336243,46888075.0,0.15646287462217207,Moderna,15.18,14.39,15.18,14.24,11.42,7.51,84.82,85.61,84.82,85.76,88.58,92.49,29348627,30034989,30547580
131,Nepal,Oxford/AstraZeneca,2022-02-19,9247554,8692700,5825959,8692700,6380812,6565763,3329119,2022,14088349,46888075.0,0.30046763489437345,Oxford/AstraZeneca,28.24,18.93,28.24,20.73,21.33,10.82,71.76,81.07,71.76,79.27,78.67,89.18,29348627,30034989,30547580
132,Nepal,Pfizer/BioNTech,2022-02-19,485819,461528,417804,461528,408087,349789,213760,2022,1797582,46888075.0,0.03833772233131772,Pfizer/BioNTech,3.64,3.3,3.64,3.22,2.76,1.69,96.36,96.7,96.36,96.78,97.24,98.31,29348627,30034989,30547580
133,Nepal,Sinopharm/Beijing,2022-02-19,18974500,13851385,12902660,13471895,12712915,10056485,6641075,2022,19972478,46888075.0,0.425960716024277,Sinopharm/Beijing,31.1,28.97,30.24,28.54,22.58,14.91,68.9,71.03,69.76,71.46,77.42,85.09,29348627,30034989,30547580
134,Netherlands,Johnson&Johnson,2021-01-01,0,0,0,0,0,0,0,2021,755296,34376849.0,0.021971065469089387,Johnson&Johnson,1.89,1.58,1.67,1.41,1.25,0.73,98.11,98.42,98.33,98.59,98.75,99.27,17434557,17501696,17564014
135,Netherlands,Moderna,2021-01-01,0,0,0,0,0,0,0,2021,8448384,34376849.0,0.24575795181227925,Moderna,23.84,22.61,23.84,22.36,17.94,11.8,76.16,77.39,76.16,77.64,82.06,88.2,17434557,17501696,17564014
136,Netherlands,Novavax,2021-01-01,0,0,0,0,0,0,0,2021,2707,34376849.0,7.874485529491083e-05,Novavax,0.01,0.01,0.01,0.01,0.01,0.0,99.99,99.99,99.99,99.99,99.99,100.0,17434557,17501696,17564014
137,Netherlands,Oxford/AstraZeneca,2021-01-01,0,0,0,0,0,0,0,2021,2473242,34376849.0,0.07194498832630064,Oxford/AstraZeneca,6.76,4.53,6.76,4.96,5.11,2.59,93.24,95.47,93.24,95.04,94.89,97.41,17434557,17501696,17564014
138,Netherlands,Pfizer/BioNTech,2021-01-01,0,0,0,0,0,0,0,2021,22697220,34376849.0,0.6602472495370358,Pfizer/BioNTech,62.72,56.78,62.72,55.46,47.54,29.05,37.28,43.22,37.28,44.54,52.46,70.95,17434557,17501696,17564014
139,Norway,Johnson&Johnson,2021-03-05,34,29,24,25,21,19,11,2021,7346,11875213.0,0.0006185994305954764,Johnson&Johnson,0.05,0.04,0.05,0.04,0.04,0.02,99.95,99.96,99.95,99.96,99.96,99.98,5379839,5403021,5434319
140,Norway,Moderna,2021-01-08,48,46,44,46,43,35,23,2021,2351225,11875213.0,0.19799434334356783,Moderna,19.21,18.22,19.21,18.02,14.45,9.5,80.79,81.78,80.79,81.98,85.55,90.5,5379839,5403021,5434319
141,Norway,Oxford/AstraZeneca,2021-01-08,4,3,2,3,2,2,1,2021,147947,11875213.0,0.012458471271210041,Oxford/AstraZeneca,1.17,0.78,1.17,0.86,0.88,0.45,98.83,99.22,98.83,99.14,99.12,99.55,5379839,5403021,5434319
142,Norway,Pfizer/BioNTech,2021-01-01,69,65,59,65,57,49,30,2021,9368695,11875213.0,0.7889285859546267,Pfizer/BioNTech,74.95,67.85,74.95,66.27,56.8,34.71,25.05,32.15,25.05,33.73,43.2,65.29,5379839,5403021,5434319
143,Peru,Moderna,2022-03-26,2,1,1,1,1,1,0,2022,5105330,84780770.0,0.06021801877949445,Moderna,5.84,5.54,5.84,5.48,4.4,2.89,94.16,94.46,94.16,94.52,95.6,97.11,33304756,33715471,34049588
144,Peru,Oxford/AstraZeneca,2021-04-20,13,12,8,12,8,9,4,2021,8022799,84780770.0,0.09462993789747369,Oxford/AstraZeneca,8.9,5.96,8.9,6.53,6.72,3.41,91.1,94.04,91.1,93.47,93.28,96.59,33304756,33715471,34049588
145,Peru,Pfizer/BioNTech,2021-03-04,24,22,20,22,20,17,10,2021,50440512,84780770.0,0.5949522751444697,Pfizer/BioNTech,56.52,51.17,56.52,49.98,42.84,26.18,43.48,48.83,43.48,50.02,57.16,73.82,33304756,33715471,34049588
146,Peru,Sinopharm/Beijing,2021-02-09,3860,2817,2624,2740,2586,2045,1351,2021,21212129,84780770.0,0.2501997681785622,Sinopharm/Beijing,18.26,17.01,17.76,16.76,13.26,8.76,81.74,82.99,82.24,83.24,86.74,91.24,33304756,33715471,34049588
147,Poland,Johnson&Johnson,2021-01-01,0,0,0,0,0,0,0,2021,2722660,52947094.0,0.05142227446892553,Johnson&Johnson,4.42,3.7,3.91,3.29,2.93,1.7,95.58,96.3,96.09,96.71,97.07,98.3,38428366,38307726,39857145
148,Poland,Moderna,2021-01-01,0,0,0,0,0,0,0,2021,3783258,52947094.0,0.07145355323939025,Moderna,6.93,6.57,6.93,6.5,5.22,3.43,93.07,93.43,93.07,93.5,94.78,96.57,38428366,38307726,39857145
149,Poland,Novavax,2021-01-01,0,0,0,0,0,0,0,2021,14950,52947094.0,0.0002823573282416595,Novavax,0.03,0.02,0.02,0.02,0.02,0.01,99.97,99.98,99.98,99.98,99.98,99.99,38428366,38307726,39857145
150,Poland,Oxford/AstraZeneca,2021-01-01,0,0,0,0,0,0,0,2021,5292302,52947094.0,0.09995453197110307,Oxford/AstraZeneca,9.4,6.3,9.4,6.9,7.1,3.6,90.6,93.7,90.6,93.1,92.9,96.4,38428366,38307726,39857145
151,Poland,Pfizer/BioNTech,2021-01-01,2216,2105,1905,2105,1861,1595,975,2021,41133924,52947094.0,0.7768872829923394,Pfizer/BioNTech,73.8,66.81,73.8,65.26,55.94,34.18,26.2,33.19,26.2,34.74,44.06,65.82,38428366,38307726,39857145
152,Portugal,Covaxin,2021-01-08,1,0,0,0,0,0,0,2021,87,23803134.0,3.6549808945326275e-06,Covaxin,0.0,0.0,0.0,0.0,0.0,0.0,100.0,100.0,100.0,100.0,100.0,100.0,10298192,10290103,10270865
153,Portugal,Johnson&Johnson,2021-01-08,23,19,16,17,14,13,7,2021,1137062,23803134.0,0.047769423975851245,Johnson&Johnson,4.11,3.44,3.63,3.06,2.72,1.58,95.89,96.56,96.37,96.94,97.28,98.42,10298192,10290103,10270865
154,Portugal,Moderna,2021-01-01,7,6,6,6,6,5,3,2021,3693702,23803134.0,0.15517712919651672,Moderna,15.05,14.28,15.05,14.12,11.33,7.45,84.95,85.72,84.95,85.88,88.67,92.55,10298192,10290103,10270865
155,Portugal,Novavax,2021-01-22,1,0,0,0,0,0,0,2021,147,23803134.0,6.175657373520647e-06,Novavax,0.0,0.0,0.0,0.0,0.0,0.0,100.0,100.0,100.0,100.0,100.0,100.0,10298192,10290103,10270865
156,Portugal,Oxford/AstraZeneca,2021-01-08,60,56,37,56,41,42,21,2021,2267362,23803134.0,0.09525476771252055,Oxford/AstraZeneca,8.95,6.0,8.95,6.57,6.76,3.43,91.05,94.0,91.05,93.43,93.24,96.57,10298192,10290103,10270865
157,Portugal,Pfizer/BioNTech,2021-01-01,5161,4902,4438,4902,4335,3715,2270,2021,16694611,23803134.0,0.7013618878925775,Pfizer/BioNTech,66.63,60.32,66.63,58.91,50.5,30.86,33.37,39.68,33.37,41.09,49.5,69.14,10298192,10290103,10270865
158,Portugal,Sinopharm/Beijing,2021-01-01,4,2,2,2,2,2,1,2021,3652,23803134.0,0.00015342517502107075,Sinopharm/Beijing,0.01,0.01,0.01,0.01,0.01,0.01,99.99,99.99,99.99,99.99,99.99,99.99,10298192,10290103,10270865
159,Portugal,Sinovac,2021-01-01,2,1,0,0,0,0,0,2021,6511,23803134.0,0.00027353540924484986,Sinovac,0.01,0.01,0.01,0.01,0.01,0.01,99.99,99.99,99.99,99.99,99.99,99.99,10298192,10290103,10270865
160,Romania,Johnson&Johnson,2021-05-04,45,38,32,34,28,25,14,2021,2054653,16827486.0,0.12210100783919832,Johnson&Johnson,10.5,8.79,9.28,7.81,6.96,4.03,89.5,91.21,90.72,92.19,93.04,95.97,19442038,19328560,19659267
161,Romania,Moderna,2021-02-04,6443,6249,5927,6249,5863,4703,3092,2021,1008835,16827486.0,0.059951617252868315,Moderna,5.82,5.52,5.82,5.46,4.38,2.88,94.18,94.48,94.18,94.54,95.62,97.12,19442038,19328560,19659267
162,Romania,Oxford/AstraZeneca,2021-02-15,6812,6403,4291,6403,4700,4836,2452,2021,849559,16827486.0,0.05048638875706092,Oxford/AstraZeneca,4.75,3.18,4.75,3.48,3.58,1.82,95.25,96.82,95.25,96.52,96.42,98.18,19442038,19328560,19659267
163,Romania,Pfizer/BioNTech,2020-12-27,965,916,829,916,810,694,424,2020,12914439,16827486.0,0.7674609861508724,Pfizer/BioNTech,72.91,66.0,72.91,64.47,55.26,33.77,27.09,34.0,27.09,35.53,44.74,66.23,19442038,19328560,19659267
164,Slovakia,Johnson&Johnson,2021-03-05,2,1,1,1,1,1,0,2021,186260,6896429.0,0.027008180610573966,Johnson&Johnson,2.32,1.94,2.05,1.73,1.54,0.89,97.68,98.06,97.95,98.27,98.46,99.11,5456681,5447622,5643453
165,Slovakia,Moderna,2021-01-08,3,2,2,2,2,2,1,2021,678992,6896429.0,0.09845559201725995,Moderna,9.55,9.06,9.55,8.96,7.19,4.73,90.45,90.94,90.45,91.04,92.81,95.27,5456681,5447622,5643453
166,Slovakia,Novavax,2022-03-04,0,0,0,0,0,0,0,2022,3658,6896429.0,0.0005304194388139137,Novavax,0.05,0.04,0.05,0.04,0.03,0.02,99.95,99.96,99.95,99.96,99.97,99.98,5456681,5447622,5643453
167,Slovakia,Oxford/AstraZeneca,2021-01-15,1,0,0,0,0,0,0,2021,844167,6896429.0,0.12240639322176738,Oxford/AstraZeneca,11.51,7.71,11.51,8.45,8.69,4.41,88.49,92.29,88.49,91.55,91.31,95.59,5456681,5447622,5643453
168,Slovakia,Pfizer/BioNTech,2020-12-25,1,0,0,0,0,0,0,2020,5145368,6896429.0,0.7460916367006751,Pfizer/BioNTech,70.88,64.16,70.88,62.67,53.72,32.83,29.12,35.84,29.12,37.33,46.28,67.17,5456681,5447622,5643453
169,Slovakia,Sputnik V,2021-01-22,2,1,1,1,1,1,0,2021,37984,6896429.0,0.005507778010909704,Sputnik V,0.51,0.47,0.49,0.47,0.37,0.24,99.49,99.53,99.51,99.53,99.63,99.76,5456681,5447622,5643453
170,Slovenia,Johnson&Johnson,2021-04-30,72,61,51,54,46,41,23,2021,135924,2984841.0,0.04553810403971267,Johnson&Johnson,3.92,3.28,3.46,2.91,2.6,1.5,96.08,96.72,96.54,97.09,97.4,98.5,2117641,2119410,2119844
171,Slovenia,Moderna,2021-01-22,473,458,435,458,430,345,227,2021,237424,2984841.0,0.07954326545367073,Moderna,7.72,7.32,7.72,7.24,5.81,3.82,92.28,92.68,92.28,92.76,94.19,96.18,2117641,2119410,2119844
172,Slovenia,Novavax,2022-03-04,2,1,1,1,1,1,0,2022,200,2984841.0,6.70052441654346e-05,Novavax,0.01,0.01,0.01,0.01,0.0,0.0,99.99,99.99,99.99,99.99,100.0,100.0,2117641,2119410,2119844
173,Slovenia,Oxford/AstraZeneca,2021-02-12,2148,2019,1353,2019,1482,1525,773,2021,323527,2984841.0,0.1083900281455528,Oxford/AstraZeneca,10.19,6.83,10.19,7.48,7.7,3.9,89.81,93.17,89.81,92.52,92.3,96.1,2117641,2119410,2119844
174,Slovenia,Pfizer/BioNTech,2021-01-01,4472,4248,3845,4248,3756,3219,1967,2021,2287766,2984841.0,0.7664615971168983,Pfizer/BioNTech,72.81,65.92,72.81,64.38,55.19,33.72,27.19,34.08,27.19,35.62,44.81,66.28,2117641,2119410,2119844
175,South Africa,Johnson&Johnson,2022-03-04,7833589,6736886,5640184,5953527,5013496,4465145,2585084,2022,9263824,37724286.0,0.24556658275785526,Johnson&Johnson,21.12,17.68,18.66,15.72,14.0,8.1,78.88,82.32,81.34,84.28,86.0,91.9,58801927,59392255,59893885
176,South Africa,Pfizer/BioNTech,2022-03-04,24156328,22948511,20774442,22948511,20291315,17392556,10628784,2022,28460462,37724286.0,0.7544334172421447,Pfizer/BioNTech,71.67,64.88,71.67,63.37,54.32,33.2,28.33,35.12,28.33,36.63,45.68,66.8,58801927,59392255,59893885
177,South Korea,Johnson&Johnson,2021-02-26,46,39,33,34,29,26,15,2021,1544565,129232449.0,0.01195183571890679,Johnson&Johnson,1.03,0.86,0.91,0.76,0.68,0.39,98.97,99.14,99.09,99.24,99.32,99.61,51844690,51830139,51815810
178,South Korea,Moderna,2021-02-26,12137,11772,11166,11772,11044,8860,5825,2021,25252567,129232449.0,0.19540422854634598,Moderna,18.95,17.98,18.95,17.78,14.26,9.38,81.05,82.02,81.05,82.22,85.74,90.62,51844690,51830139,51815810
179,South Korea,Novavax,2021-02-26,0,0,0,0,0,0,0,2021,840921,129232449.0,0.006507042205785329,Novavax,0.58,0.54,0.56,0.53,0.42,0.28,99.42,99.46,99.44,99.47,99.58,99.72,51844690,51830139,51815810
180,South Korea,Oxford/AstraZeneca,2021-02-26,20666,19426,13019,19426,14259,14672,7439,2021,20325103,129232449.0,0.15727553843694472,Oxford/AstraZeneca,14.78,9.91,14.78,10.85,11.17,5.66,85.22,90.09,85.22,89.15,88.83,94.34,51844690,51830139,51815810
181,South Korea,Pfizer/BioNTech,2021-02-26,8747,8309,7522,8309,7347,6297,3848,2021,81268318,129232449.0,0.6288538105472257,Pfizer/BioNTech,59.74,54.08,59.74,52.82,45.28,27.67,40.26,45.92,40.26,47.18,54.72,72.33,51844690,51830139,51815810
182,South Korea,SKYCovione,2021-02-26,0,0,0,0,0,0,0,2021,975,129232449.0,7.544544791532968e-06,SKYCovione,0.0,0.0,0.0,0.0,0.0,0.0,100.0,100.0,100.0,100.0,100.0,100.0,51844690,51830139,51815810
183,Spain,Johnson&Johnson,2021-01-08,0,0,0,0,0,0,0,2021,1981073,103045916.0,0.019225148136875217,Johnson&Johnson,1.65,1.38,1.46,1.23,1.1,0.63,98.35,98.62,98.54,98.77,98.9,99.37,47363807,47486935,47558630
184,Spain,Moderna,2021-01-08,0,0,0,0,0,0,0,2021,24111869,103045916.0,0.2339915053013843,Moderna,22.7,21.53,22.7,21.29,17.08,11.23,77.3,78.47,77.3,78.71,82.92,88.77,47363807,47486935,47558630
185,Spain,Oxford/AstraZeneca,2021-01-08,0,0,0,0,0,0,0,2021,9794598,103045916.0,0.09505081210593538,Oxford/AstraZeneca,8.93,5.99,8.93,6.56,6.75,3.42,91.07,94.01,91.07,93.44,93.25,96.58,47363807,47486935,47558630
186,Spain,Pfizer/BioNTech,2021-01-08,419994,398994,361194,398994,352794,302395,184797,2021,67158376,103045916.0,0.6517325344558051,Pfizer/BioNTech,61.91,56.05,61.91,54.75,46.92,28.68,38.09,43.95,38.09,45.25,53.08,71.32,47363807,47486935,47558630
187,Sweden,Moderna,2021-01-01,0,0,0,0,0,0,0,2021,4152280,21986863.0,0.18885277085685212,Moderna,18.32,17.37,18.32,17.19,13.79,9.06,81.68,82.63,81.68,82.81,86.21,90.94,10368969,10467097,10549347
188,Sweden,Novavax,2021-01-01,0,0,0,0,0,0,0,2021,6913,21986863.0,0.0003144150213698061,Novavax,0.03,0.03,0.03,0.03,0.02,0.01,99.97,99.97,99.97,99.97,99.98,99.99,10368969,10467097,10549347
189,Sweden,Oxford/AstraZeneca,2021-01-01,0,0,0,0,0,0,0,2021,1322062,21986863.0,0.0601296328630419,Oxford/AstraZeneca,5.65,3.79,5.65,4.15,4.27,2.16,94.35,96.21,94.35,95.85,95.73,97.84,10368969,10467097,10549347
190,Sweden,Pfizer/BioNTech,2021-01-01,1622,1540,1394,1540,1362,1167,713,2021,16505608,21986863.0,0.7507031812587361,Pfizer/BioNTech,71.32,64.56,71.32,63.06,54.05,33.03,28.68,35.44,28.68,36.94,45.95,66.97,10368969,10467097,10549347
191,Switzerland,Johnson&Johnson,2020-12-21,1,0,0,0,0,0,0,2020,62859,16004728.0,0.003927526915796382,Johnson&Johnson,0.34,0.28,0.3,0.25,0.22,0.13,99.66,99.72,99.7,99.75,99.78,99.87,8638613,8691406,8740472
192,Switzerland,Moderna,2020-12-23,1,0,0,0,0,0,0,2020,9939440,16004728.0,0.6210314851961245,Moderna,60.24,57.13,60.24,56.51,45.34,29.81,39.76,42.87,39.76,43.49,54.66,70.19,8638613,8691406,8740472
193,Switzerland,Novavax,2022-07-20,9,8,7,7,7,5,3,2022,630,16004728.0,3.9363368124719146e-05,Novavax,0.0,0.0,0.0,0.0,0.0,0.0,100.0,100.0,100.0,100.0,100.0,100.0,8638613,8691406,8740472
194,Switzerland,Pfizer/BioNTech,2020-12-22,2,1,1,1,1,1,0,2020,6001799,16004728.0,0.37500162451995434,Pfizer/BioNTech,35.63,32.25,35.63,31.5,27.0,16.5,64.37,67.75,64.37,68.5,73.0,83.5,8638613,8691406,8740472
195,Ukraine,Johnson&Johnson,2021-05-22,219,188,157,166,140,124,72,2021,20680,31683310.0,0.0006527095811643417,Johnson&Johnson,0.06,0.05,0.05,0.04,0.04,0.02,99.94,99.95,99.95,99.96,99.96,99.98,43909666,43531422,39701739
196,Ukraine,Moderna,2021-07-20,1620,1571,1490,1571,1474,1182,777,2021,3044899,31683310.0,0.09610419492155334,Moderna,9.32,8.84,9.32,8.75,7.02,4.61,90.68,91.16,90.68,91.25,92.98,95.39,43909666,43531422,39701739
197,Ukraine,Oxford/AstraZeneca,2021-02-24,159,149,100,149,109,112,57,2021,4041487,31683310.0,0.12755886301020947,Oxford/AstraZeneca,11.99,8.04,11.99,8.8,9.06,4.59,88.01,91.96,88.01,91.2,90.94,95.41,43909666,43531422,39701739
198,Ukraine,Pfizer/BioNTech,2021-04-18,366,347,314,347,307,263,161,2021,14774013,31683310.0,0.46630270006511315,Pfizer/BioNTech,44.3,40.1,44.3,39.17,33.57,20.52,55.7,59.9,55.7,60.83,66.43,79.48,43909666,43531422,39701739
199,Ukraine,Sinovac,2021-04-13,5,2,2,2,2,1,1,2021,9802231,31683310.0,0.3093815324219597,Sinovac,15.47,14.54,15.16,14.23,11.45,7.43,84.53,85.46,84.84,85.77,88.55,92.57,43909666,43531422,39701739
200,United States,Johnson&Johnson,2021-03-08,208590,179387,150184,158528,133497,118896,68834,2021,18916447,627128998.0,0.030163566124875637,Johnson&Johnson,2.59,2.17,2.29,1.93,1.72,1.0,97.41,97.83,97.71,98.07,98.28,99.0,335942003,336997624,338289857
201,United States,Moderna,2021-01-12,3835859,3720783,3528990,3720783,3490631,2800177,1841212,2021,235757021,627128998.0,0.37593066458712854,Moderna,36.47,34.59,36.47,34.21,27.44,18.04,63.53,65.41,63.53,65.79,72.56,81.96,335942003,336997624,338289857
202,United States,Pfizer/BioNTech,2021-01-12,5488697,5214262,4720279,5214262,4610505,3951861,2415026,2021,372455530,627128998.0,0.5939057692879959,Pfizer/BioNTech,56.42,51.08,56.42,49.89,42.76,26.13,43.58,48.92,43.58,50.11,57.24,73.87,335942003,336997624,338289857
203,Uruguay,Oxford/AstraZeneca,2021-02-27,5,4,3,4,3,3,1,2021,91141,5895528.0,0.01545934477794016,Oxford/AstraZeneca,1.45,0.97,1.45,1.07,1.1,0.56,98.55,99.03,98.55,98.93,98.9,99.44,3429086,3426260,3422794
204,Uruguay,Pfizer/BioNTech,2021-02-27,6,5,5,5,5,4,2,2021,2556226,5895528.0,0.4335872885346317,Pfizer/BioNTech,41.19,37.29,41.19,36.42,31.22,19.08,58.81,62.71,58.81,63.58,68.78,80.92,3429086,3426260,3422794
205,Uruguay,Sinovac,2021-02-27,372,186,174,182,171,137,89,2021,3248161,5895528.0,0.5509533666874281,Sinovac,27.55,25.89,27.0,25.34,20.39,13.22,72.45,74.11,73.0,74.66,79.61,86.78,3429086,3426260,3422794
